,0
0,https://live.staticflickr.com/1111/654109911_c4b4f60935_c.jpg
1,https://live.staticflickr.com/4062/4346905305_d6f13044f8_c.jpg
2,https://live.staticflickr.com/2567/4042717547_7500332dfc_c.jpg
3,https://live.staticflickr.com/3084/2367914994_050590d5f5_c.jpg
4,https://live.staticflickr.com/77/228204605_0805578b45_c.jpg
5,https://live.staticflickr.com/3046/2852075723_0fd349f382_c.jpg
6,
7,https://live.staticflickr.com/65535/50174024317_739eaa1035_c.jpg
8,https://live.staticflickr.com/37/97676742_50991671bc_c.jpg
9,https://live.staticflickr.com/1710/26340127842_395cdb6cf2_c.jpg
10,https://live.staticflickr.com/2703/4481037953_a0e6c3d403_c.jpg
11,https://live.staticflickr.com/1485/26406512136_0df56fe10b_c.jpg
12,
13,https://live.staticflickr.com/7122/7649689990_47450c6697_c.jpg
14,https://live.staticflickr.com/1625/26406489776_16d4a6b23e_c.jpg
15,
16,https://live.staticflickr.com/1552/25827625974_f7509bc30e_c.jpg
17,https://live.staticflickr.com/3220/2848988974_f8857c7caf_c.jpg
18,https://live.staticflickr.com/38/98335344_898bb3e161_c.jpg
19,https://live.staticflickr.com/4087/5072499840_9c7c695714_c.jpg
20,https://live.staticflickr.com/1479/26432493435_86a713c56a_c.jpg
21,https://live.staticflickr.com/7120/7881644878_cd7d4568e7_c.jpg
22,https://live.staticflickr.com/2128/2271991843_23b99d97cd_c.jpg
23,https://live.staticflickr.com/65535/49582722158_8d711ed9bf_c.jpg
24,https://live.staticflickr.com/3906/14952005541_9e30f7e07b_c.jpg
25,https://live.staticflickr.com/1397/616666734_6042b7287b_c.jpg
26,
27,https://live.staticflickr.com/4142/5448253134_2f46b465bb_c.jpg
28,https://live.staticflickr.com/7441/16373872958_de6d8dcb20_c.jpg
29,https://live.staticflickr.com/4075/5002763712_21222babd6_c.jpg
30,https://live.staticflickr.com/8318/8006908787_a6bbc96e6c_c.jpg
31,
32,https://live.staticflickr.com/5061/5857989640_99110647fc_c.jpg
33,
34,https://live.staticflickr.com/7319/15899560253_f3c0c411ea_c.jpg
35,
36,https://live.staticflickr.com/7199/6914774021_65b32d8ca9_c.jpg
37,https://live.staticflickr.com/8341/8227425753_ed02f6bc90_c.jpg
38,https://live.staticflickr.com/2682/4481036609_c00739f5db_c.jpg
39,https://live.staticflickr.com/65535/50506696482_a413f643dc_c.jpg
40,https://live.staticflickr.com/3929/15434145595_57301b7e66_c.jpg
41,https://live.staticflickr.com/4506/37372798651_9c1f92cb16_c.jpg
42,https://live.staticflickr.com/2208/2805144508_9946310831_c.jpg
43,https://live.staticflickr.com/4146/4997537655_073d93d3c7_c.jpg
44,https://live.staticflickr.com/7259/7125167935_1895c0dc3c_c.jpg
45,https://live.staticflickr.com/8165/7634953128_e355b9d351_c.jpg
46,https://live.staticflickr.com/7025/6758217631_e73b00fe9d_c.jpg
47,https://live.staticflickr.com/4054/4421796985_5e07a0b2f1_c.jpg
48,https://live.staticflickr.com/1669/25829652403_b9e6e2b285_c.jpg
49,https://live.staticflickr.com/5088/5365455528_2eb663b64a_c.jpg
50,https://live.staticflickr.com/3268/2512228383_f872381da2_c.jpg
51,https://live.staticflickr.com/116/307422011_f8ee3e3ea7_c.jpg
52,https://live.staticflickr.com/8607/16582881346_4a7deffa76_c.jpg
53,https://live.staticflickr.com/7259/7007524274_e3011c2594_c.jpg
54,https://live.staticflickr.com/1366/579476108_89dcfa4eac_c.jpg
55,https://live.staticflickr.com/7138/7552628028_1e7949a157_c.jpg
56,https://live.staticflickr.com/43/118972369_8c83e21e8d_c.jpg
57,https://live.staticflickr.com/6194/6057047246_0899f4a5e9_c.jpg
58,https://live.staticflickr.com/3139/2494569048_fa67c6ff8f_c.jpg
59,
60,
61,https://live.staticflickr.com/3270/3106727284_4016c9bcb5_c.jpg
62,https://live.staticflickr.com/3158/2756471323_c0e2b6bf5f_c.jpg
63,https://live.staticflickr.com/3649/3676498054_b6726e6fd2_c.jpg
64,
65,https://live.staticflickr.com/4095/4777164204_2fd4f97857_c.jpg
66,https://live.staticflickr.com/5231/5905175148_4bce6417e1_c.jpg
67,
68,https://live.staticflickr.com/2801/4379425747_90f73211c8_c.jpg
69,https://live.staticflickr.com/181/420449269_da0c680808_c.jpg
70,https://live.staticflickr.com/3569/3397078590_17ae4e78a0_c.jpg
71,https://live.staticflickr.com/150/394531980_bb798f95f4_c.jpg
72,
73,https://live.staticflickr.com/5021/5735134697_801e67d84a_c.jpg
74,https://live.staticflickr.com/3464/3285523700_49c4be5863_c.jpg
75,https://live.staticflickr.com/5460/7224965098_b4eb799771_c.jpg
76,
77,https://live.staticflickr.com/1711/25260554629_34c3a73976_c.jpg
78,https://live.staticflickr.com/8516/8406184770_e4108952ef_c.jpg
79,https://live.staticflickr.com/2086/2044315409_9a26029080_c.jpg
80,
81,https://live.staticflickr.com/14/17507929_de716a4684_c.jpg
82,https://live.staticflickr.com/1295/4701022446_4d32b76cb9_c.jpg
83,https://live.staticflickr.com/5028/5575360468_4363ca1372_c.jpg
84,https://live.staticflickr.com/2037/2179027290_7e116ab189_c.jpg
85,https://live.staticflickr.com/7175/6731803633_a89a78097a_c.jpg
86,https://live.staticflickr.com/5291/5409561303_38a207ccc7_c.jpg
87,https://live.staticflickr.com/4104/5182705011_c010454370_c.jpg
88,https://live.staticflickr.com/3561/3555926200_58f193cf6f_c.jpg
89,https://live.staticflickr.com/158/394531978_d53db310a6_c.jpg
90,https://live.staticflickr.com/7243/7224968110_f9193bae0b_c.jpg
91,https://live.staticflickr.com/3254/2720732737_97a172c6a1_c.jpg
92,
93,
94,
95,https://live.staticflickr.com/5179/5405566900_690c8af770_c.jpg
96,https://live.staticflickr.com/1398/1186661306_ff03cc90f1_c.jpg
97,
98,https://live.staticflickr.com/8341/8247341660_5d2f306229_c.jpg
99,https://live.staticflickr.com/2228/2368717632_0f18c5df7f_c.jpg
